{
    "PR_AUC": 0.8221560631580977,
    "F1_at_P80": 0.6486486486486486,
    "Threshold_at_P80": 0.6976236509177028,
    "Test_Samples": 88,
    "Positives": 44
}